node1	node2
AKT1	DVL2
AKT1	FGF4
AKT1	FGF20
AKT1	FGF22
AKT1	MAPK1
AKT1	SOS2
AKT1	CSNK2A1
AKT1	PIK3R2
AKT1	WNT3
AKT1	RPS6KB1
AKT1	CCND1
AKT1	FGF6
AKT1	SKP1
AKT1	DLL4
AKT1	KRAS
AKT1	NOTCH2
AKT1	APC
AKT1	CDK4
AKT1	LRP6
AKT1	CSNK1A1
AKT1	AXIN1
AKT1	CSNK2A2
AKT1	PIK3R3
AKT1	E2F3
AKT1	MAP2K2
AKT1	MAPK3
AKT1	NOTCH3
AKT1	PIK3CA
AKT1	FGF2
AKT1	WNT5A
AKT1	FGF10
AKT1	LEF1
AKT1	EGF
AKT1	WNT2
AKT1	CDK6
AKT1	RB1
AKT1	FGF7
AKT1	TP53
AKT1	ERBB2
AKT1	FGF18
AKT1	EGFR
AKT1	ATM
AKT1	WNT3A
AKT1	WNT7A
AKT1	FZD7
AKT1	KIT
AKT1	WNT4
AKT1	ARAF
AKT1	BAX
AKT1	WNT1
AKT1	LRP5
AKT1	FGF19
AKT1	MAP2K1
AKT1	AXIN2
AKT1	FOS
AKT1	RPS6KB2
AKT1	FGF5
AKT1	DVL3
AKT1	FGF8
AKT1	GSK3B
AKT1	PGR
AKT1	WNT11
AKT1	JAG2
AKT1	SP1
AKT1	FGF3
AKT1	HEY1
AKT1	ATR
AKT1	ESR2
AKT1	E2F1
AKT1	FGF17
AKT1	MTOR
AKT1	E2F2
AKT1	DLL1
AKT1	PARP1
AKT1	HEY2
AKT1	NRAS
AKT1	NFKB2
AKT1	GADD45A
AKT1	JUN
AKT1	PTEN
AKT1	NCOA3
AKT1	BAK1
AKT1	NOTCH4
AKT1	PIK3CD
AKT1	DVL1
AKT1	BRCA2
AKT1	FGF9
AKT1	AKT2
AKT1	GRB2
AKT1	IGF1
AKT1	TNFSF11
AKT1	SOS1
AKT1	CDKN1A
AKT1	FGFR1
AKT1	FGF16
AKT1	SHC1
AKT1	RAF1
AKT1	ESR1
AKT1	HRAS
AKT1	BRCA1
AKT1	BRAF
AKT1	PIK3R1
AKT1	TCF7L2
AKT1	RAD51
AKT1	FGF21
AKT1	FGF1
AKT1	IGF1R
AKT1	NOTCH1
AKT1	MYC
AKT1	AKT3
AKT1	CTNNB1
AKT2	MAPK1
AKT2	CSNK2A1
AKT2	PIK3R2
AKT2	RPS6KB1
AKT2	CCND1
AKT2	KRAS
AKT2	CSNK2A2
AKT2	PIK3R3
AKT2	MAPK3
AKT2	PIK3CA
AKT2	EGF
AKT2	TP53
AKT2	EGFR
AKT2	ATM
AKT2	KIT
AKT2	RPS6KB2
AKT2	GSK3B
AKT2	PGR
AKT2	ESR2
AKT2	MTOR
AKT2	PARP1
AKT2	NRAS
AKT2	JUN
AKT2	PTEN
AKT2	PIK3CD
AKT2	IGF1R
AKT2	GRB2
AKT2	NOTCH1
AKT2	SHC1
AKT2	HRAS
AKT2	ESR1
AKT2	MYC
AKT2	CTNNB1
AKT2	IGF1
AKT2	RAF1
AKT2	BRCA1
AKT2	CDKN1A
AKT2	AKT3
AKT2	PIK3R1
AKT3	MAPK1
AKT3	PIK3R2
AKT3	RPS6KB1
AKT3	CCND1
AKT3	KRAS
AKT3	PIK3R3
AKT3	MAPK3
AKT3	PIK3CA
AKT3	FGF2
AKT3	EGF
AKT3	TP53
AKT3	ATM
AKT3	KIT
AKT3	RPS6KB2
AKT3	GSK3B
AKT3	MTOR
AKT3	NRAS
AKT3	JUN
AKT3	PTEN
AKT3	PIK3CD
AKT3	IGF1
AKT3	SOS1
AKT3	CDKN1A
AKT3	SHC1
AKT3	RAF1
AKT3	ESR1
AKT3	HRAS
AKT3	BRCA1
AKT3	PIK3R1
AKT3	MYC
AKT3	CTNNB1
AKT3	NOTCH1
APC	DVL2
APC	CSNK2A1
APC	WNT3
APC	CCND1
APC	SKP1
APC	KRAS
APC	JUN
APC	WNT7A
APC	EGFR
APC	BRAF
APC	WNT5A
APC	FRAT2
APC	PTEN
APC	PIK3CA
APC	CSNK2B
APC	FRAT1
APC	TP53
APC	MYC
APC	WNT2
APC	FZD1
APC	WNT1
APC	TCF7L1
APC	FZD2
APC	WNT3A
APC	TCF7L2
APC	LEF1
APC	LRP6
APC	CSNK1A1L
APC	LRP5
APC	APC2
APC	DVL3
APC	TCF7
APC	DVL1
APC	CSNK1A1
APC	GSK3B
APC	AXIN1
APC	CTNNB1
APC	AXIN2
APC2	DVL2
APC2	SKP1
APC2	CSNK1A1
APC2	AXIN1
APC2	LEF1
APC2	TCF7L1
APC2	AXIN2
APC2	DVL3
APC2	GSK3B
APC2	TCF7
APC2	DVL1
APC2	CSNK1A1L
APC2	TCF7L2
APC2	CTNNB1
ARAF	MAPK1
ARAF	SOS2
ARAF	RPS6KB1
ARAF	KRAS
ARAF	MAP2K2
ARAF	MAPK3
ARAF	PIK3CA
ARAF	TP53
ARAF	EGFR
ARAF	MYC
ARAF	SHC1
ARAF	PTEN
ARAF	GRB2
ARAF	NCOA3
ARAF	SOS1
ARAF	CSNK2B
ARAF	PIK3R1
ARAF	GSK3B
ARAF	MAP2K1
ARAF	NRAS
ARAF	RAF1
ARAF	HRAS
ARAF	BRAF
ATM	MAPK1
ATM	CSNK2A1
ATM	RPS6KB1
ATM	CCND1
ATM	POLK
ATM	KRAS
ATM	NOTCH2
ATM	DDB2
ATM	CDK4
ATM	E2F3
ATM	MAPK3
ATM	PIK3CA
ATM	EGF
ATM	NBN
ATM	CDK6
ATM	RB1
ATM	TP53
ATM	ERBB2
ATM	EGFR
ATM	BAX
ATM	RPS6KB2
ATM	SHC1
ATM	MTOR
ATM	IGF1R
ATM	E2F2
ATM	FOS
ATM	PGR
ATM	GSK3B
ATM	FGFR1
ATM	MAP2K1
ATM	KIT
ATM	JUN
ATM	HRAS
ATM	ESR1
ATM	PIK3R1
ATM	IGF1
ATM	CTNNB1
ATM	NRAS
ATM	NOTCH1
ATM	GADD45A
ATM	E2F1
ATM	BRAF
ATM	CDKN1A
ATM	MYC
ATM	PARP1
ATM	PTEN
ATM	RAD50
ATM	BRCA2
ATM	RAD51
ATM	BRCA1
ATM	MRE11
ATM	ATR
ATR	DDB2
ATR	CDK4
ATR	NBN
ATR	CDK6
ATR	TP53
ATR	MRE11
ATR	CDKN1A
ATR	MTOR
ATR	MYC
ATR	E2F1
ATR	PARP1
ATR	BRCA2
ATR	RAD50
ATR	RAD51
ATR	BRCA1
AXIN1	DVL2
AXIN1	FGF4
AXIN1	FGF20
AXIN1	CSNK2A1
AXIN1	WNT16
AXIN1	WNT3
AXIN1	CCND1
AXIN1	FZD10
AXIN1	SKP1
AXIN1	WNT6
AXIN1	FZD3
AXIN1	KRAS
AXIN1	WNT10A
AXIN1	LRP6
AXIN1	CSNK1A1
AXIN1	MTOR
AXIN1	FGF10
AXIN1	PIK3CA
AXIN1	FGF19
AXIN1	FGF16
AXIN1	FGF8
AXIN1	FGF18
AXIN1	MAP2K1
AXIN1	SP1
AXIN1	FGF9
AXIN1	FGF3
AXIN1	ERBB2
AXIN1	BRAF
AXIN1	FZD6
AXIN1	FZD9
AXIN1	DLL1
AXIN1	SFRP4
AXIN1	EGF
AXIN1	BRCA1
AXIN1	PTEN
AXIN1	FZD8
AXIN1	JUN
AXIN1	WNT5B
AXIN1	WNT7B
AXIN1	FRAT2
AXIN1	WNT2B
AXIN1	CSNK2A2
AXIN1	WNT10B
AXIN1	WNT7A
AXIN1	WNT11
AXIN1	MAPK3
AXIN1	WNT4
AXIN1	EGFR
AXIN1	NOTCH1
AXIN1	WNT5A
AXIN1	FZD7
AXIN1	WNT2
AXIN1	FZD5
AXIN1	MYC
AXIN1	TCF7L1
AXIN1	ESR1
AXIN1	FZD2
AXIN1	TP53
AXIN1	TCF7L2
AXIN1	WNT1
AXIN1	FZD1
AXIN1	CSNK1A1L
AXIN1	LEF1
AXIN1	WNT3A
AXIN1	TCF7
AXIN1	DVL3
AXIN1	FRAT1
AXIN1	CTNNB1
AXIN1	DVL1
AXIN1	AXIN2
AXIN1	GSK3B
AXIN1	LRP5
AXIN2	DVL2
AXIN2	FGF4
AXIN2	FGF20
AXIN2	WNT16
AXIN2	WNT3
AXIN2	CCND1
AXIN2	FGF6
AXIN2	FZD10
AXIN2	WNT6
AXIN2	FZD3
AXIN2	KRAS
AXIN2	WNT10A
AXIN2	LRP6
AXIN2	CSNK1A1
AXIN2	MAPK3
AXIN2	FGF2
AXIN2	WNT5A
AXIN2	FGF10
AXIN2	LEF1
AXIN2	EGF
AXIN2	WNT2
AXIN2	CDK6
AXIN2	FGF7
AXIN2	TP53
AXIN2	FGF18
AXIN2	EGFR
AXIN2	TCF7L1
AXIN2	WNT3A
AXIN2	WNT7A
AXIN2	FZD7
AXIN2	FZD1
AXIN2	WNT4
AXIN2	WNT1
AXIN2	LRP5
AXIN2	WNT10B
AXIN2	FGF16
AXIN2	FGF5
AXIN2	BRAF
AXIN2	NOTCH1
AXIN2	FGF3
AXIN2	PTEN
AXIN2	FGF9
AXIN2	DLL1
AXIN2	FGF8
AXIN2	ESR1
AXIN2	JUN
AXIN2	SFRP4
AXIN2	HES5
AXIN2	FZD6
AXIN2	FZD8
AXIN2	FZD5
AXIN2	FZD9
AXIN2	HEY1
AXIN2	WNT5B
AXIN2	WNT11
AXIN2	WNT2B
AXIN2	FZD2
AXIN2	WNT7B
AXIN2	MYC
AXIN2	TCF7L2
AXIN2	CSNK1A1L
AXIN2	DVL3
AXIN2	TCF7
AXIN2	DVL1
AXIN2	GSK3B
AXIN2	CTNNB1
BAK1	TP53
BAK1	KIT
BAK1	BAX
BAK1	CDKN1A
BAX	CCND1
BAX	CDK4
BAX	MAPK3
BAX	TP53
BAX	EGFR
BAX	CTNNB1
BAX	MYC
BAX	PTEN
BAX	CDKN1A
BAX	MTOR
BAX	JUN
BAX	PARP1
BAX	GSK3B
BRAF	MAPK1
BRAF	SOS2
BRAF	RPS6KB1
BRAF	CCND1
BRAF	SKP1
BRAF	KRAS
BRAF	NOTCH2
BRAF	CDK4
BRAF	MAP2K2
BRAF	MAPK3
BRAF	PIK3CA
BRAF	FGF2
BRAF	WNT5A
BRAF	EGF
BRAF	TP53
BRAF	ERBB2
BRAF	FGF18
BRAF	EGFR
BRAF	KIT
BRAF	MAP2K1
BRAF	FOS
BRAF	RPS6KB2
BRAF	GSK3B
BRAF	PGR
BRAF	SHC4
BRAF	FGF3
BRAF	E2F1
BRAF	MTOR
BRAF	PARP1
BRAF	NRAS
BRAF	JUN
BRAF	PTEN
BRAF	PIK3CD
BRAF	BRCA2
BRAF	GRB2
BRAF	IGF1
BRAF	SOS1
BRAF	CDKN1A
BRAF	FGFR1
BRAF	SHC1
BRAF	RAF1
BRAF	ESR1
BRAF	HRAS
BRAF	BRCA1
BRAF	PIK3R1
BRAF	NOTCH1
BRAF	MYC
BRAF	CTNNB1
BRCA1	MAPK1
BRCA1	CSNK2A1
BRCA1	CCND1
BRCA1	SKP1
BRCA1	POLK
BRCA1	KRAS
BRCA1	DDB2
BRCA1	CDK4
BRCA1	E2F3
BRCA1	MAPK3
BRCA1	PIK3CA
BRCA1	EGF
BRCA1	NBN
BRCA1	CDK6
BRCA1	RB1
BRCA1	TP53
BRCA1	ERBB2
BRCA1	EGFR
BRCA1	KIT
BRCA1	GSK3B
BRCA1	PGR
BRCA1	MRE11
BRCA1	SP1
BRCA1	ESR2
BRCA1	E2F1
BRCA1	MTOR
BRCA1	E2F2
BRCA1	PARP1
BRCA1	NRAS
BRCA1	GADD45A
BRCA1	JUN
BRCA1	PTEN
BRCA1	NCOA3
BRCA1	RAD50
BRCA1	BRCA2
BRCA1	IGF1
BRCA1	CDKN1A
BRCA1	NCOA1
BRCA1	FGFR1
BRCA1	ESR1
BRCA1	HRAS
BRCA1	IGF1R
BRCA1	NOTCH1
BRCA1	CTNNB1
BRCA1	PIK3R1
BRCA1	MYC
BRCA1	RAD51
BRCA2	CCND1
BRCA2	POLK
BRCA2	KRAS
BRCA2	CDK4
BRCA2	PIK3CA
BRCA2	EGF
BRCA2	NBN
BRCA2	CDK6
BRCA2	TP53
BRCA2	ERBB2
BRCA2	EGFR
BRCA2	KIT
BRCA2	PGR
BRCA2	MRE11
BRCA2	SP1
BRCA2	E2F1
BRCA2	MTOR
BRCA2	PARP1
BRCA2	NRAS
BRCA2	PTEN
BRCA2	RAD50
BRCA2	PIK3R1
BRCA2	IGF1R
BRCA2	TNFSF11
BRCA2	HRAS
BRCA2	FGFR1
BRCA2	CTNNB1
BRCA2	NOTCH1
BRCA2	CDKN1A
BRCA2	ESR1
BRCA2	MYC
BRCA2	RAD51
CCND1	DVL2
CCND1	FGF4
CCND1	FGF20
CCND1	FGF22
CCND1	MAPK1
CCND1	CSNK2A1
CCND1	PIK3R2
CCND1	WNT3
CCND1	RPS6KB1
CCND1	FZD9
CCND1	DLL1
CCND1	FZD5
CCND1	FZD6
CCND1	WNT6
CCND1	FZD8
CCND1	NOTCH4
CCND1	DVL3
CCND1	WNT7B
CCND1	NFKB2
CCND1	HEY1
CCND1	JAG2
CCND1	TCF7
CCND1	FGF17
CCND1	WNT2B
CCND1	FGF5
CCND1	WNT11
CCND1	FGF6
CCND1	FGF16
CCND1	SHC1
CCND1	PIK3R1
CCND1	WNT10B
CCND1	WNT7A
CCND1	FGF8
CCND1	NBN
CCND1	FZD2
CCND1	RPS6KB2
CCND1	FGF18
CCND1	FGF7
CCND1	FGF10
CCND1	FGF9
CCND1	FZD1
CCND1	GADD45A
CCND1	CSNK1A1
CCND1	FZD7
CCND1	NOTCH3
CCND1	WNT2
CCND1	NOTCH2
CCND1	CSNK2A2
CCND1	TCF7L1
CCND1	RAF1
CCND1	FGF3
CCND1	SP1
CCND1	DVL1
CCND1	FGFR1
CCND1	TNFSF11
CCND1	LRP6
CCND1	WNT4
CCND1	WNT5A
CCND1	IGF1
CCND1	FGF2
CCND1	WNT1
CCND1	GRB2
CCND1	LRP5
CCND1	IGF1R
CCND1	ESR2
CCND1	FGF19
CCND1	WNT3A
CCND1	PIK3CA
CCND1	RAD51
CCND1	PARP1
CCND1	EGF
CCND1	MAPK3
CCND1	HRAS
CCND1	KIT
CCND1	MAP2K1
CCND1	NCOA1
CCND1	NCOA3
CCND1	NRAS
CCND1	MTOR
CCND1	TCF7L2
CCND1	PGR
CCND1	KRAS
CCND1	EGFR
CCND1	PTEN
CCND1	E2F2
CCND1	E2F3
CCND1	NOTCH1
CCND1	ERBB2
CCND1	JUN
CCND1	LEF1
CCND1	E2F1
CCND1	FOS
CCND1	TP53
CCND1	SKP1
CCND1	MYC
CCND1	CTNNB1
CCND1	GSK3B
CCND1	ESR1
CCND1	RB1
CCND1	CDK4
CCND1	CDK6
CCND1	CDKN1A
CDK4	SKP1
CDK4	KRAS
CDK4	NOTCH2
CDK4	MAP2K1
CDK4	MRE11
CDK4	GADD45A
CDK4	PIK3R1
CDK4	IGF1
CDK4	FGF2
CDK4	FOS
CDK4	GRB2
CDK4	ERBB2
CDK4	SP1
CDK4	NOTCH1
CDK4	PGR
CDK4	EGF
CDK4	IGF1R
CDK4	MTOR
CDK4	HRAS
CDK4	PIK3CA
CDK4	ESR1
CDK4	PARP1
CDK4	JUN
CDK4	CTNNB1
CDK4	E2F2
CDK4	GSK3B
CDK4	E2F3
CDK4	NRAS
CDK4	PTEN
CDK4	RAD51
CDK4	E2F1
CDK4	MYC
CDK4	TP53
CDK4	RB1
CDK4	CDKN1A
CDK4	CDK6
CDK6	SKP1
CDK6	KRAS
CDK6	NOTCH2
CDK6	E2F3
CDK6	PIK3CA
CDK6	EGF
CDK6	FOS
CDK6	PIK3R1
CDK6	MTOR
CDK6	NRAS
CDK6	NOTCH1
CDK6	ESR1
CDK6	GADD45A
CDK6	PARP1
CDK6	HRAS
CDK6	RAD51
CDK6	CTNNB1
CDK6	E2F2
CDK6	JUN
CDK6	MYC
CDK6	PTEN
CDK6	TP53
CDK6	E2F1
CDK6	RB1
CDK6	CDKN1A
CDKN1A	GADD45B
CDKN1A	MAPK1
CDKN1A	RPS6KB1
CDKN1A	SKP1
CDKN1A	GADD45G
CDKN1A	KRAS
CDKN1A	NOTCH2
CDKN1A	DDB2
CDKN1A	E2F3
CDKN1A	MAPK3
CDKN1A	NOTCH3
CDKN1A	PIK3CA
CDKN1A	FGF2
CDKN1A	EGF
CDKN1A	RB1
CDKN1A	TP53
CDKN1A	ERBB2
CDKN1A	EGFR
CDKN1A	KIT
CDKN1A	MAP2K1
CDKN1A	FOS
CDKN1A	GSK3B
CDKN1A	PGR
CDKN1A	SP1
CDKN1A	E2F1
CDKN1A	MTOR
CDKN1A	E2F2
CDKN1A	PARP1
CDKN1A	NRAS
CDKN1A	NFKB2
CDKN1A	GADD45A
CDKN1A	JUN
CDKN1A	PTEN
CDKN1A	CSNK2B
CDKN1A	IGF1
CDKN1A	FGF1
CDKN1A	IGF1R
CDKN1A	PIK3R1
CDKN1A	CTNNB1
CDKN1A	HRAS
CDKN1A	NOTCH1
CDKN1A	ESR1
CDKN1A	MYC
CETN3	SKP1
CETN3	MYC
CSNK1A1	DVL2
CSNK1A1	WNT16
CSNK1A1	SKP1
CSNK1A1	KRAS
CSNK1A1	LRP6
CSNK1A1	FZD8
CSNK1A1	PIK3R1
CSNK1A1	JUN
CSNK1A1	GRB2
CSNK1A1	FRAT2
CSNK1A1	WNT5A
CSNK1A1	CSNK2B
CSNK1A1	PIK3CA
CSNK1A1	MTOR
CSNK1A1	PTEN
CSNK1A1	LEF1
CSNK1A1	FRAT1
CSNK1A1	EGFR
CSNK1A1	CSNK2A2
CSNK1A1	MYC
CSNK1A1	FZD2
CSNK1A1	DVL3
CSNK1A1	CSNK1A1L
CSNK1A1	FZD1
CSNK1A1	WNT1
CSNK1A1	WNT3A
CSNK1A1	LRP5
CSNK1A1	TP53
CSNK1A1	DVL1
CSNK1A1	GSK3B
CSNK1A1	CTNNB1
CSNK1A1L	GSK3B
CSNK1A1L	CTNNB1
CSNK2A1	DVL2
CSNK2A1	MAPK1
CSNK2A1	FGF2
CSNK2A1	ESR2
CSNK2A1	SKP1
CSNK2A1	FOS
CSNK2A1	KRAS
CSNK2A1	GSK3B
CSNK2A1	ESR1
CSNK2A1	MYC
CSNK2A1	RB1
CSNK2A1	JUN
CSNK2A1	CSNK2A3
CSNK2A1	CTNNB1
CSNK2A1	DVL3
CSNK2A1	TP53
CSNK2A1	DVL1
CSNK2A1	PTEN
CSNK2A1	CSNK2A2
CSNK2A1	CSNK2B
CSNK2A2	DVL2
CSNK2A2	MAPK1
CSNK2A2	SKP1
CSNK2A2	KRAS
CSNK2A2	LRP6
CSNK2A2	FGF3
CSNK2A2	ESR2
CSNK2A2	FGF2
CSNK2A2	GSK3B
CSNK2A2	ESR1
CSNK2A2	FGF1
CSNK2A2	CSNK2A3
CSNK2A2	DVL3
CSNK2A2	DVL1
CSNK2A2	TP53
CSNK2A2	CTNNB1
CSNK2A2	PTEN
CSNK2A2	CSNK2B
CSNK2A3	DVL2
CSNK2A3	DVL3
CSNK2A3	PTEN
CSNK2A3	CSNK2B
CSNK2A3	DVL1
CSNK2A3	CTNNB1
CSNK2B	DVL2
CSNK2B	TP53
CSNK2B	DVL3
CSNK2B	GSK3B
CSNK2B	PTEN
CSNK2B	DVL1
CSNK2B	CTNNB1
CTNNB1	DVL2
CTNNB1	FGF4
CTNNB1	FGF20
CTNNB1	FGF22
CTNNB1	MAPK1
CTNNB1	WNT16
CTNNB1	WNT3
CTNNB1	RPS6KB1
CTNNB1	FGF6
CTNNB1	FZD10
CTNNB1	SKP1
CTNNB1	HES1
CTNNB1	WNT6
CTNNB1	FGF23
CTNNB1	FZD3
CTNNB1	DLL4
CTNNB1	KRAS
CTNNB1	NOTCH2
CTNNB1	WNT10A
CTNNB1	LRP6
CTNNB1	FLT4
CTNNB1	PIK3R3
CTNNB1	E2F3
CTNNB1	MAP2K2
CTNNB1	MAPK3
CTNNB1	NOTCH3
CTNNB1	PIK3CA
CTNNB1	FGF2
CTNNB1	WNT5A
CTNNB1	FGF10
CTNNB1	LEF1
CTNNB1	EGF
CTNNB1	WNT2
CTNNB1	RB1
CTNNB1	FGF7
CTNNB1	TP53
CTNNB1	ERBB2
CTNNB1	FGF18
CTNNB1	EGFR
CTNNB1	TCF7L1
CTNNB1	WNT3A
CTNNB1	WNT7A
CTNNB1	FZD7
CTNNB1	FZD1
CTNNB1	KIT
CTNNB1	WNT4
CTNNB1	WNT1
CTNNB1	LRP5
CTNNB1	FGF19
CTNNB1	WNT10B
CTNNB1	MAP2K1
CTNNB1	FOS
CTNNB1	FGF5
CTNNB1	DVL3
CTNNB1	FGF8
CTNNB1	FZD2
CTNNB1	GSK3B
CTNNB1	PGR
CTNNB1	WNT11
CTNNB1	JAG2
CTNNB1	SP1
CTNNB1	FGF3
CTNNB1	HEY1
CTNNB1	TCF7
CTNNB1	WNT7B
CTNNB1	ESR2
CTNNB1	E2F1
CTNNB1	FZD9
CTNNB1	FZD6
CTNNB1	FGF17
CTNNB1	MTOR
CTNNB1	FZD5
CTNNB1	DLL1
CTNNB1	PARP1
CTNNB1	NRAS
CTNNB1	WNT2B
CTNNB1	FRAT2
CTNNB1	FRAT1
CTNNB1	JUN
CTNNB1	PTEN
CTNNB1	FZD8
CTNNB1	NOTCH4
CTNNB1	HES5
CTNNB1	DVL1
CTNNB1	FGF9
CTNNB1	GRB2
CTNNB1	IGF1
CTNNB1	WNT5B
CTNNB1	TNFSF11
CTNNB1	NCOA1
CTNNB1	FGFR1
CTNNB1	FGF16
CTNNB1	SHC1
CTNNB1	RAF1
CTNNB1	ESR1
CTNNB1	HRAS
CTNNB1	SFRP4
CTNNB1	PIK3R1
CTNNB1	MYC
CTNNB1	FGF1
CTNNB1	TCF7L2
CTNNB1	NOTCH1
CTNNB1	IGF1R
DDB2	MAPK1
DDB2	NBN
DDB2	E2F1
DDB2	GADD45A
DDB2	RAD51
DDB2	PARP1
DDB2	TP53
DLL1	DLL3
DLL1	WNT3
DLL1	HES1
DLL1	DLL4
DLL1	NOTCH2
DLL1	NOTCH3
DLL1	LEF1
DLL1	EGF
DLL1	EGFR
DLL1	WNT3A
DLL1	WNT4
DLL1	FGF8
DLL1	JAG2
DLL1	HEY1
DLL1	MYC
DLL1	HEYL
DLL1	HEY2
DLL1	HES5
DLL1	NOTCH4
DLL1	NOTCH1
DLL3	EGFR
DLL3	HES1
DLL3	HEYL
DLL3	HEY2
DLL3	HEY1
DLL3	HES5
DLL3	EGF
DLL3	DLL4
DLL3	NOTCH1
DLL3	NOTCH3
DLL3	NOTCH2
DLL3	NOTCH4
DLL4	WNT3
DLL4	HES1
DLL4	WNT3A
DLL4	KIT
DLL4	MYC
DLL4	EGF
DLL4	JAG2
DLL4	HES5
DLL4	HEYL
DLL4	FGF2
DLL4	EGFR
DLL4	HEY2
DLL4	HEY1
DLL4	FLT4
DLL4	NOTCH4
DLL4	NOTCH3
DLL4	NOTCH1
DLL4	NOTCH2
DVL1	DVL2
DVL1	WNT16
DVL1	WNT3
DVL1	FZD10
DVL1	WNT6
DVL1	FZD3
DVL1	NOTCH2
DVL1	WNT10A
DVL1	LRP6
DVL1	NOTCH3
DVL1	WNT5A
DVL1	LEF1
DVL1	EGF
DVL1	WNT2
DVL1	TCF7L1
DVL1	WNT3A
DVL1	WNT7A
DVL1	FZD7
DVL1	FZD1
DVL1	WNT4
DVL1	WNT1
DVL1	LRP5
DVL1	WNT10B
DVL1	DVL3
DVL1	FZD2
DVL1	GSK3B
DVL1	WNT11
DVL1	TCF7
DVL1	WNT7B
DVL1	FZD9
DVL1	FZD6
DVL1	FZD5
DVL1	WNT2B
DVL1	FRAT2
DVL1	FRAT1
DVL1	JUN
DVL1	PTEN
DVL1	FZD8
DVL1	NOTCH4
DVL1	SFRP4
DVL1	MYC
DVL1	TCF7L2
DVL1	WNT5B
DVL1	NOTCH1
DVL2	WNT16
DVL2	JUN
DVL2	WNT2B
DVL2	WNT2
DVL2	WNT6
DVL2	WNT10A
DVL2	TCF7L1
DVL2	WNT10B
DVL2	MYC
DVL2	WNT7A
DVL2	WNT3
DVL2	LEF1
DVL2	TP53
DVL2	PTEN
DVL2	WNT7B
DVL2	WNT5B
DVL2	WNT4
DVL2	WNT1
DVL2	FZD10
DVL2	WNT11
DVL2	LRP5
DVL2	FZD3
DVL2	FRAT2
DVL2	NOTCH4
DVL2	WNT3A
DVL2	FRAT1
DVL2	NOTCH2
DVL2	FZD9
DVL2	FZD1
DVL2	NOTCH3
DVL2	NOTCH1
DVL2	FZD6
DVL2	FZD8
DVL2	FZD2
DVL2	FZD5
DVL2	FZD7
DVL2	GSK3B
DVL2	WNT5A
DVL2	DVL3
DVL2	LRP6
DVL3	WNT16
DVL3	WNT3
DVL3	FZD10
DVL3	WNT6
DVL3	FZD3
DVL3	NOTCH2
DVL3	LRP6
DVL3	NOTCH3
DVL3	WNT5A
DVL3	LEF1
DVL3	WNT2
DVL3	WNT3A
DVL3	WNT7A
DVL3	FZD7
DVL3	FZD1
DVL3	WNT4
DVL3	WNT1
DVL3	LRP5
DVL3	WNT10B
DVL3	WNT2B
DVL3	PTEN
DVL3	WNT7B
DVL3	WNT5B
DVL3	WNT11
DVL3	FZD2
DVL3	FZD9
DVL3	FZD5
DVL3	NOTCH4
DVL3	FRAT1
DVL3	FZD6
DVL3	FRAT2
DVL3	NOTCH1
DVL3	FZD8
DVL3	GSK3B
E2F1	KRAS
E2F1	E2F3
E2F1	MAPK3
E2F1	PIK3CA
E2F1	LEF1
E2F1	EGF
E2F1	NBN
E2F1	RB1
E2F1	TP53
E2F1	ERBB2
E2F1	EGFR
E2F1	FOS
E2F1	GSK3B
E2F1	PGR
E2F1	SP1
E2F1	IGF1R
E2F1	GADD45A
E2F1	MTOR
E2F1	IGF1
E2F1	HRAS
E2F1	ESR1
E2F1	NOTCH1
E2F1	JUN
E2F1	PARP1
E2F1	RAD51
E2F1	PTEN
E2F1	NCOA3
E2F1	E2F2
E2F1	MYC
E2F2	E2F3
E2F2	RB1
E2F2	TP53
E2F2	FOS
E2F2	SP1
E2F2	PTEN
E2F2	MYC
E2F3	KRAS
E2F3	JUN
E2F3	EGFR
E2F3	ERBB2
E2F3	PTEN
E2F3	SP1
E2F3	NOTCH1
E2F3	TP53
E2F3	MYC
E2F3	RB1
EGF	FGF4
EGF	FGF20
EGF	FGF22
EGF	MAPK1
EGF	SOS2
EGF	PIK3R2
EGF	WNT3
EGF	RPS6KB1
EGF	FGF6
EGF	WNT6
EGF	FGF23
EGF	KRAS
EGF	FLT4
EGF	MAPK3
EGF	NOTCH3
EGF	PIK3CA
EGF	FGF2
EGF	SHC2
EGF	WNT5A
EGF	FGF10
EGF	LEF1
EGF	SP1
EGF	RPS6KB2
EGF	TNFSF11
EGF	HES5
EGF	HEY1
EGF	WNT2
EGF	FGF21
EGF	SHC3
EGF	WNT1
EGF	PARP1
EGF	ESR2
EGF	RAF1
EGF	GSK3B
EGF	WNT4
EGF	MTOR
EGF	MAP2K1
EGF	FGF19
EGF	PGR
EGF	PTEN
EGF	NRAS
EGF	JAG2
EGF	TP53
EGF	FOS
EGF	ESR1
EGF	SOS1
EGF	MYC
EGF	FGF1
EGF	WNT3A
EGF	HRAS
EGF	JUN
EGF	PIK3R1
EGF	SHC1
EGF	FGFR1
EGF	KIT
EGF	FGF9
EGF	FGF17
EGF	FGF18
EGF	FGF3
EGF	FGF16
EGF	FGF8
EGF	FGF7
EGF	FGF5
EGF	IGF1
EGF	GRB2
EGF	IGF1R
EGF	ERBB2
EGF	EGFR
EGFR	FGF4
EGFR	FGF20
EGFR	FGF22
EGFR	MAPK1
EGFR	SOS2
EGFR	PIK3R2
EGFR	FGF6
EGFR	SKP1
EGFR	FGF23
EGFR	KRAS
EGFR	NOTCH2
EGFR	LRP6
EGFR	PIK3R3
EGFR	MAP2K2
EGFR	MAPK3
EGFR	NOTCH3
EGFR	PIK3CA
EGFR	FGF2
EGFR	SHC2
EGFR	WNT5A
EGFR	FGF10
EGFR	LEF1
EGFR	WNT2
EGFR	RB1
EGFR	FGF7
EGFR	TP53
EGFR	ERBB2
EGFR	FGF18
EGFR	WNT7B
EGFR	NOTCH4
EGFR	LRP5
EGFR	KIT
EGFR	TCF7
EGFR	WNT1
EGFR	SP1
EGFR	RAD51
EGFR	FGFR1
EGFR	NCOA1
EGFR	WNT7A
EGFR	GSK3B
EGFR	MAP2K1
EGFR	WNT3A
EGFR	NCOA3
EGFR	JAG2
EGFR	FGF21
EGFR	PARP1
EGFR	ESR2
EGFR	TNFSF11
EGFR	FGF19
EGFR	MTOR
EGFR	PGR
EGFR	RAF1
EGFR	JUN
EGFR	MYC
EGFR	NOTCH1
EGFR	FGF1
EGFR	FGF8
EGFR	FGF5
EGFR	FGF17
EGFR	FGF16
EGFR	FGF9
EGFR	FGF3
EGFR	FOS
EGFR	PIK3CD
EGFR	PTEN
EGFR	ESR1
EGFR	SHC3
EGFR	SHC4
EGFR	IGF1R
EGFR	NRAS
EGFR	IGF1
EGFR	HRAS
EGFR	PIK3R1
EGFR	SHC1
EGFR	SOS1
EGFR	GRB2
ERBB2	FGF4
ERBB2	FGF20
ERBB2	FGF22
ERBB2	SOS2
ERBB2	PIK3R2
ERBB2	FGF6
ERBB2	FGF23
ERBB2	KRAS
ERBB2	NOTCH2
ERBB2	FLT4
ERBB2	PIK3R3
ERBB2	NOTCH3
ERBB2	PIK3CA
ERBB2	FGF2
ERBB2	SHC2
ERBB2	WNT5A
ERBB2	FGF10
ERBB2	WNT2
ERBB2	RB1
ERBB2	FGF7
ERBB2	TP53
ERBB2	TNFSF11
ERBB2	MAP2K1
ERBB2	NOTCH4
ERBB2	RAF1
ERBB2	RAD51
ERBB2	TCF7
ERBB2	WNT1
ERBB2	FOS
ERBB2	NCOA1
ERBB2	GSK3B
ERBB2	FGF21
ERBB2	ESR2
ERBB2	MTOR
ERBB2	FGFR1
ERBB2	PARP1
ERBB2	JUN
ERBB2	FGF19
ERBB2	NCOA3
ERBB2	FGF1
ERBB2	NOTCH1
ERBB2	SOS1
ERBB2	FGF8
ERBB2	FGF17
ERBB2	FGF5
ERBB2	FGF9
ERBB2	FGF16
ERBB2	FGF3
ERBB2	FGF18
ERBB2	PTEN
ERBB2	MYC
ERBB2	NRAS
ERBB2	HRAS
ERBB2	PIK3CD
ERBB2	SHC4
ERBB2	SHC3
ERBB2	ESR1
ERBB2	PGR
ERBB2	IGF1
ERBB2	IGF1R
ERBB2	PIK3R1
ERBB2	GRB2
ERBB2	SHC1
ESR1	FGF4
ESR1	FGF20
ESR1	FGF22
ESR1	GADD45B
ESR1	MAPK1
ESR1	SOS2
ESR1	PIK3R2
ESR1	RPS6KB1
ESR1	FGF6
ESR1	SKP1
ESR1	GADD45G
ESR1	KRAS
ESR1	NOTCH2
ESR1	PIK3R3
ESR1	MAP2K2
ESR1	MAPK3
ESR1	NOTCH3
ESR1	PIK3CA
ESR1	FGF2
ESR1	WNT5A
ESR1	FGF10
ESR1	LEF1
ESR1	WNT2
ESR1	RB1
ESR1	FGF7
ESR1	TP53
ESR1	FGF18
ESR1	KIT
ESR1	WNT4
ESR1	WNT1
ESR1	LRP5
ESR1	FGF19
ESR1	MAP2K1
ESR1	FOS
ESR1	RPS6KB2
ESR1	FGF5
ESR1	FGF8
ESR1	GSK3B
ESR1	PGR
ESR1	SP1
ESR1	FGF3
ESR1	ESR2
ESR1	FGF17
ESR1	MTOR
ESR1	PARP1
ESR1	NRAS
ESR1	NFKB2
ESR1	GADD45A
ESR1	JUN
ESR1	PTEN
ESR1	NCOA3
ESR1	NOTCH4
ESR1	SHC3
ESR1	FGF9
ESR1	GRB2
ESR1	IGF1
ESR1	TNFSF11
ESR1	NCOA1
ESR1	FGFR1
ESR1	FGF16
ESR1	SHC1
ESR1	RAF1
ESR1	FGF21
ESR1	TCF7L2
ESR1	SFRP4
ESR1	FGF1
ESR1	RAD51
ESR1	NOTCH1
ESR1	HRAS
ESR1	MYC
ESR1	PIK3R1
ESR1	IGF1R
ESR2	FGF22
ESR2	MAPK1
ESR2	PIK3R2
ESR2	RPS6KB1
ESR2	PIK3R3
ESR2	MAPK3
ESR2	PIK3CA
ESR2	FGF10
ESR2	RB1
ESR2	FGF7
ESR2	TP53
ESR2	FOS
ESR2	RPS6KB2
ESR2	FGF8
ESR2	GSK3B
ESR2	PGR
ESR2	SP1
ESR2	FGF3
ESR2	TNFSF11
ESR2	PTEN
ESR2	MYC
ESR2	PIK3R1
ESR2	SHC1
ESR2	IGF1
ESR2	IGF1R
ESR2	JUN
ESR2	NCOA3
ESR2	NCOA1
FGF1	FGF4
FGF1	FGF20
FGF1	FGF22
FGF1	MAPK1
FGF1	PIK3R2
FGF1	FGF6
FGF1	FGF23
FGF1	KRAS
FGF1	FLT4
FGF1	MAPK3
FGF1	PIK3CA
FGF1	FGF2
FGF1	FGF10
FGF1	FGF7
FGF1	FGF18
FGF1	KIT
FGF1	FGF19
FGF1	FGF5
FGF1	FGF8
FGF1	FGF3
FGF1	FGF17
FGF1	NRAS
FGF1	PTEN
FGF1	FGF9
FGF1	GRB2
FGF1	IGF1
FGF1	SOS1
FGF1	FGFR1
FGF1	FGF16
FGF1	SHC1
FGF1	HRAS
FGF1	PIK3R1
FGF1	MYC
FGF1	IGF1R
FGF10	FGF4
FGF10	FGF20
FGF10	FGF22
FGF10	MAPK1
FGF10	PIK3R2
FGF10	WNT3
FGF10	FGF6
FGF10	FGF23
FGF10	KRAS
FGF10	FLT4
FGF10	MAPK3
FGF10	PIK3CA
FGF10	FGF2
FGF10	WNT5A
FGF10	PGR
FGF10	WNT7A
FGF10	WNT4
FGF10	TNFSF11
FGF10	FOS
FGF10	FGF5
FGF10	WNT2B
FGF10	WNT11
FGF10	WNT7B
FGF10	PTEN
FGF10	JUN
FGF10	NOTCH1
FGF10	MTOR
FGF10	GSK3B
FGF10	LEF1
FGF10	PIK3R1
FGF10	WNT1
FGF10	FGF17
FGF10	FGF9
FGF10	WNT2
FGF10	MYC
FGF10	FGF18
FGF10	SOS1
FGF10	SHC1
FGF10	FGF19
FGF10	TP53
FGF10	NRAS
FGF10	HRAS
FGF10	FGF8
FGF10	FGF7
FGF10	FGF16
FGF10	FGF3
FGF10	WNT3A
FGF10	GRB2
FGF10	IGF1
FGF10	KIT
FGF10	IGF1R
FGF10	FGFR1
FGF16	FGF4
FGF16	FGF20
FGF16	FGF22
FGF16	GADD45B
FGF16	MAPK1
FGF16	PIK3R2
FGF16	FGF6
FGF16	FGF23
FGF16	KRAS
FGF16	FLT4
FGF16	MAPK3
FGF16	PIK3CA
FGF16	FGF2
FGF16	WNT5A
FGF16	LEF1
FGF16	FGF7
FGF16	TP53
FGF16	FGF18
FGF16	WNT3A
FGF16	KIT
FGF16	WNT4
FGF16	WNT1
FGF16	FGF19
FGF16	FOS
FGF16	FGF5
FGF16	FGF8
FGF16	GSK3B
FGF16	FGF3
FGF16	FGF17
FGF16	MTOR
FGF16	NRAS
FGF16	JUN
FGF16	PTEN
FGF16	FGF9
FGF16	GRB2
FGF16	IGF1
FGF16	TNFSF11
FGF16	SOS1
FGF16	FGFR1
FGF16	NOTCH1
FGF16	PIK3R1
FGF16	MYC
FGF16	SHC1
FGF16	HRAS
FGF16	IGF1R
FGF17	FGF4
FGF17	FGF20
FGF17	FGF22
FGF17	MAPK1
FGF17	PIK3R2
FGF17	FGF6
FGF17	FGF23
FGF17	KRAS
FGF17	FLT4
FGF17	MAPK3
FGF17	PIK3CA
FGF17	FGF2
FGF17	WNT5A
FGF17	WNT2
FGF17	FGF7
FGF17	TP53
FGF17	FGF18
FGF17	WNT3A
FGF17	KIT
FGF17	WNT1
FGF17	FGF19
FGF17	FOS
FGF17	FGF5
FGF17	FGF8
FGF17	GSK3B
FGF17	FGF3
FGF17	TNFSF11
FGF17	PTEN
FGF17	NOTCH1
FGF17	JUN
FGF17	MTOR
FGF17	PIK3R1
FGF17	MYC
FGF17	FGF9
FGF17	SOS1
FGF17	SHC1
FGF17	FGF21
FGF17	NRAS
FGF17	HRAS
FGF17	GRB2
FGF17	IGF1
FGF17	IGF1R
FGF17	FGFR1
FGF18	FGF4
FGF18	FGF20
FGF18	FGF22
FGF18	GADD45B
FGF18	MAPK1
FGF18	PIK3R2
FGF18	FGF6
FGF18	FGF23
FGF18	KRAS
FGF18	FLT4
FGF18	MAPK3
FGF18	PIK3CA
FGF18	FGF2
FGF18	WNT5A
FGF18	LEF1
FGF18	WNT2
FGF18	FGF7
FGF18	TP53
FGF18	LRP5
FGF18	WNT7A
FGF18	WNT4
FGF18	FOS
FGF18	MAP2K1
FGF18	PTEN
FGF18	WNT1
FGF18	GSK3B
FGF18	NOTCH1
FGF18	TNFSF11
FGF18	FGF8
FGF18	MTOR
FGF18	PIK3R1
FGF18	JUN
FGF18	MYC
FGF18	WNT3A
FGF18	SOS1
FGF18	FGF3
FGF18	FGF9
FGF18	SHC1
FGF18	FGF21
FGF18	FGF5
FGF18	NRAS
FGF18	HRAS
FGF18	FGF19
FGF18	GRB2
FGF18	IGF1
FGF18	KIT
FGF18	IGF1R
FGF18	FGFR1
FGF19	FGF4
FGF19	FGF20
FGF19	FGF22
FGF19	MAPK1
FGF19	PIK3R2
FGF19	FGF6
FGF19	FGF23
FGF19	KRAS
FGF19	FLT4
FGF19	MAPK3
FGF19	PIK3CA
FGF19	FGF2
FGF19	FGF7
FGF19	TP53
FGF19	KIT
FGF19	SHC1
FGF19	FGF21
FGF19	SOS1
FGF19	PIK3R1
FGF19	IGF1
FGF19	FGF5
FGF19	MTOR
FGF19	GRB2
FGF19	HRAS
FGF19	NRAS
FGF19	FGF3
FGF19	IGF1R
FGF19	FGF9
FGF19	FGF8
FGF19	FGFR1
FGF2	FGF4
FGF2	FGF20
FGF2	FGF22
FGF2	MAPK1
FGF2	PIK3R2
FGF2	WNT3
FGF2	RPS6KB1
FGF2	FGF6
FGF2	FGF23
FGF2	KRAS
FGF2	FLT4
FGF2	MAPK3
FGF2	NOTCH3
FGF2	PIK3CA
FGF2	HEY1
FGF2	WNT7A
FGF2	PGR
FGF2	LEF1
FGF2	WNT2
FGF2	FGF21
FGF2	HES5
FGF2	TNFSF11
FGF2	WNT1
FGF2	MTOR
FGF2	MAP2K1
FGF2	PIK3R1
FGF2	WNT5A
FGF2	FGF3
FGF2	NOTCH1
FGF2	SOS1
FGF2	WNT4
FGF2	FGF9
FGF2	FGF5
FGF2	JUN
FGF2	PTEN
FGF2	GSK3B
FGF2	SHC1
FGF2	FGF8
FGF2	NRAS
FGF2	GRB2
FGF2	FOS
FGF2	HRAS
FGF2	MYC
FGF2	TP53
FGF2	WNT3A
FGF2	FGF7
FGF2	IGF1
FGF2	KIT
FGF2	IGF1R
FGF2	FGFR1
FGF20	FGF4
FGF20	FGF5
FGF20	GADD45B
FGF20	WNT4
FGF20	FOS
FGF20	LEF1
FGF20	TNFSF11
FGF20	NOTCH1
FGF20	WNT1
FGF20	WNT5A
FGF20	PIK3R2
FGF20	PTEN
FGF20	JUN
FGF20	MTOR
FGF20	FGF22
FGF20	PIK3R1
FGF20	FGF7
FGF20	GSK3B
FGF20	FGF6
FGF20	FGF3
FGF20	FGF8
FGF20	MYC
FGF20	TP53
FGF20	WNT3A
FGF20	PIK3CA
FGF20	SOS1
FGF20	MAPK1
FGF20	SHC1
FGF20	NRAS
FGF20	HRAS
FGF20	KRAS
FGF20	MAPK3
FGF20	FGF23
FGF20	GRB2
FGF20	IGF1
FGF20	FGF9
FGF20	KIT
FGF20	IGF1R
FGF20	FLT4
FGF20	FGFR1
FGF21	MAPK1
FGF21	FGF23
FGF21	FLT4
FGF21	MAPK3
FGF21	KIT
FGF21	FGF8
FGF21	MTOR
FGF21	IGF1
FGF21	FGFR1
FGF21	IGF1R
FGF22	FGF4
FGF22	WNT2
FGF22	GADD45B
FGF22	LEF1
FGF22	WNT5A
FGF22	FGF5
FGF22	TNFSF11
FGF22	FOS
FGF22	NOTCH1
FGF22	FGF7
FGF22	PTEN
FGF22	GSK3B
FGF22	PIK3R2
FGF22	FGF9
FGF22	WNT1
FGF22	JUN
FGF22	MTOR
FGF22	PIK3R1
FGF22	MYC
FGF22	TP53
FGF22	FGF6
FGF22	WNT3A
FGF22	PIK3CA
FGF22	SOS1
FGF22	MAPK1
FGF22	SHC1
FGF22	NRAS
FGF22	FGF8
FGF22	HRAS
FGF22	KRAS
FGF22	FGF3
FGF22	MAPK3
FGF22	GRB2
FGF22	IGF1
FGF22	KIT
FGF22	IGF1R
FGF22	FGF23
FGF22	FLT4
FGF22	FGFR1
FGF23	FGF4
FGF23	MAPK1
FGF23	PIK3R2
FGF23	FGF6
FGF23	PIK3R1
FGF23	SHC1
FGF23	LRP5
FGF23	NOTCH3
FGF23	PIK3CA
FGF23	NOTCH2
FGF23	SOS1
FGF23	GRB2
FGF23	IGF1
FGF23	SFRP4
FGF23	NRAS
FGF23	KRAS
FGF23	HRAS
FGF23	MAPK3
FGF23	TNFSF11
FGF23	IGF1R
FGF23	FGF5
FGF23	FGF3
FGF23	KIT
FGF23	FLT4
FGF23	FGF7
FGF23	FGF9
FGF23	FGF8
FGF23	FGFR1
FGF3	FGF4
FGF3	MAPK1
FGF3	PIK3R2
FGF3	WNT3
FGF3	FGF6
FGF3	KRAS
FGF3	FLT4
FGF3	MAPK3
FGF3	PIK3CA
FGF3	WNT5A
FGF3	LEF1
FGF3	WNT2
FGF3	FGF7
FGF3	TP53
FGF3	WNT3A
FGF3	KIT
FGF3	WNT1
FGF3	WNT10B
FGF3	FOS
FGF3	FGF5
FGF3	FGF8
FGF3	GSK3B
FGF3	TNFSF11
FGF3	HES5
FGF3	PTEN
FGF3	JUN
FGF3	MTOR
FGF3	NOTCH1
FGF3	HEY1
FGF3	PIK3R1
FGF3	MYC
FGF3	SOS1
FGF3	SHC1
FGF3	NRAS
FGF3	HRAS
FGF3	FGF9
FGF3	GRB2
FGF3	IGF1
FGF3	IGF1R
FGF3	FGFR1
FGF4	LRP5
FGF4	MAP2K1
FGF4	FOS
FGF4	WNT7A
FGF4	LRP6
FGF4	WNT2B
FGF4	WNT2
FGF4	WNT4
FGF4	TNFSF11
FGF4	WNT3
FGF4	LEF1
FGF4	WNT5A
FGF4	PTEN
FGF4	FGF6
FGF4	PIK3R2
FGF4	MTOR
FGF4	GSK3B
FGF4	NOTCH1
FGF4	WNT1
FGF4	PIK3R1
FGF4	JUN
FGF4	WNT6
FGF4	FGF5
FGF4	FGF7
FGF4	SOS1
FGF4	FGF9
FGF4	SHC1
FGF4	TP53
FGF4	MAPK1
FGF4	MYC
FGF4	PIK3CA
FGF4	WNT3A
FGF4	NRAS
FGF4	HRAS
FGF4	FGF8
FGF4	KRAS
FGF4	MAPK3
FGF4	GRB2
FGF4	IGF1
FGF4	IGF1R
FGF4	KIT
FGF4	FLT4
FGF4	FGFR1
FGF5	GADD45B
FGF5	MAPK1
FGF5	PIK3R2
FGF5	WNT3
FGF5	FGF6
FGF5	KRAS
FGF5	FLT4
FGF5	MAPK3
FGF5	PIK3CA
FGF5	WNT5A
FGF5	LEF1
FGF5	WNT2
FGF5	FGF7
FGF5	TP53
FGF5	WNT3A
FGF5	KIT
FGF5	WNT1
FGF5	FOS
FGF5	FGF9
FGF5	TNFSF11
FGF5	PTEN
FGF5	NOTCH1
FGF5	GSK3B
FGF5	MTOR
FGF5	PIK3R1
FGF5	JUN
FGF5	SOS1
FGF5	MYC
FGF5	SHC1
FGF5	FGF8
FGF5	NRAS
FGF5	HRAS
FGF5	GRB2
FGF5	IGF1
FGF5	IGF1R
FGF5	FGFR1
FGF6	GADD45B
FGF6	MAPK1
FGF6	PIK3R2
FGF6	LEF1
FGF6	WNT2
FGF6	FOS
FGF6	WNT5A
FGF6	PTEN
FGF6	GSK3B
FGF6	TNFSF11
FGF6	WNT1
FGF6	NOTCH1
FGF6	JUN
FGF6	MTOR
FGF6	PIK3R1
FGF6	FGF7
FGF6	FGF8
FGF6	FGF9
FGF6	TP53
FGF6	MYC
FGF6	WNT3A
FGF6	SOS1
FGF6	PIK3CA
FGF6	SHC1
FGF6	NRAS
FGF6	HRAS
FGF6	KRAS
FGF6	MAPK3
FGF6	GRB2
FGF6	IGF1
FGF6	KIT
FGF6	IGF1R
FGF6	FLT4
FGF6	FGFR1
FGF7	GADD45B
FGF7	MAPK1
FGF7	PIK3R2
FGF7	KRAS
FGF7	FLT4
FGF7	MAPK3
FGF7	PIK3CA
FGF7	WNT5A
FGF7	LEF1
FGF7	WNT2
FGF7	WNT4
FGF7	WNT1
FGF7	FOS
FGF7	NOTCH1
FGF7	TNFSF11
FGF7	MTOR
FGF7	PTEN
FGF7	GSK3B
FGF7	FGF8
FGF7	PIK3R1
FGF7	JUN
FGF7	FGF9
FGF7	MYC
FGF7	SFRP4
FGF7	TP53
FGF7	SOS1
FGF7	SHC1
FGF7	WNT3A
FGF7	NRAS
FGF7	HRAS
FGF7	GRB2
FGF7	IGF1
FGF7	IGF1R
FGF7	KIT
FGF7	FGFR1
FGF8	MAPK1
FGF8	PIK3R2
FGF8	WNT3
FGF8	KRAS
FGF8	LRP6
FGF8	FLT4
FGF8	MAPK3
FGF8	PIK3CA
FGF8	WNT5A
FGF8	LEF1
FGF8	TP53
FGF8	WNT3A
FGF8	WNT7A
FGF8	KIT
FGF8	WNT4
FGF8	WNT1
FGF8	LRP5
FGF8	FOS
FGF8	WNT7B
FGF8	PTEN
FGF8	WNT11
FGF8	NOTCH1
FGF8	JUN
FGF8	TNFSF11
FGF8	MTOR
FGF8	PIK3R1
FGF8	GSK3B
FGF8	MYC
FGF8	SOS1
FGF8	FGF9
FGF8	SHC1
FGF8	NRAS
FGF8	HRAS
FGF8	GRB2
FGF8	IGF1
FGF8	IGF1R
FGF8	FGFR1
FGF9	MAPK1
FGF9	PIK3R2
FGF9	WNT3
FGF9	KRAS
FGF9	FLT4
FGF9	MAPK3
FGF9	PIK3CA
FGF9	WNT5A
FGF9	LEF1
FGF9	TP53
FGF9	WNT3A
FGF9	WNT7A
FGF9	KIT
FGF9	WNT4
FGF9	WNT1
FGF9	FOS
FGF9	GSK3B
FGF9	WNT11
FGF9	WNT7B
FGF9	MTOR
FGF9	NRAS
FGF9	JUN
FGF9	PTEN
FGF9	NOTCH1
FGF9	TNFSF11
FGF9	PIK3R1
FGF9	MYC
FGF9	SOS1
FGF9	SHC1
FGF9	HRAS
FGF9	GRB2
FGF9	IGF1
FGF9	IGF1R
FGF9	FGFR1
FGFR1	MAPK1
FGFR1	SOS2
FGFR1	PIK3R2
FGFR1	KRAS
FGFR1	NOTCH2
FGFR1	FLT4
FGFR1	PIK3R3
FGFR1	MAPK3
FGFR1	NOTCH3
FGFR1	PIK3CA
FGFR1	SHC2
FGFR1	WNT5A
FGFR1	TP53
FGFR1	WNT3A
FGFR1	PGR
FGFR1	SHC4
FGFR1	MTOR
FGFR1	NRAS
FGFR1	JUN
FGFR1	PTEN
FGFR1	SHC3
FGFR1	PIK3CD
FGFR1	GRB2
FGFR1	IGF1
FGFR1	SOS1
FGFR1	MYC
FGFR1	IGF1R
FGFR1	NOTCH1
FGFR1	HRAS
FGFR1	SHC1
FGFR1	PIK3R1
FLT4	PIK3R2
FLT4	KRAS
FLT4	WNT5A
FLT4	MTOR
FLT4	HEY1
FLT4	PTEN
FLT4	NOTCH1
FLT4	TP53
FLT4	WNT2
FLT4	IGF1R
FLT4	HEY2
FLT4	NOTCH4
FLT4	SHC2
FLT4	SHC3
FLT4	PIK3R3
FLT4	PIK3CD
FLT4	IGF1
FLT4	PIK3CA
FLT4	SHC4
FLT4	PIK3R1
FLT4	SHC1
FLT4	GRB2
FOS	GADD45B
FOS	MAPK1
FOS	RPS6KB1
FOS	HES1
FOS	GADD45G
FOS	KRAS
FOS	MAPK3
FOS	NOTCH3
FOS	PIK3CA
FOS	LEF1
FOS	RB1
FOS	TP53
FOS	MAP2K1
FOS	TCF7
FOS	NRAS
FOS	NFKB2
FOS	HEY1
FOS	IGF1R
FOS	MTOR
FOS	PIK3CD
FOS	SHC1
FOS	GRB2
FOS	RAF1
FOS	GSK3B
FOS	IGF1
FOS	TCF7L2
FOS	NOTCH1
FOS	PIK3R1
FOS	PGR
FOS	GADD45A
FOS	PTEN
FOS	HRAS
FOS	TNFSF11
FOS	RPS6KB2
FOS	SP1
FOS	NCOA1
FOS	MYC
FOS	NCOA3
FOS	JUN
FRAT1	LRP6
FRAT1	WNT1
FRAT1	LRP5
FRAT1	GSK3B
FRAT1	FRAT2
FRAT2	FZD10
FRAT2	LRP6
FRAT2	GSK3B
FRAT2	FZD5
FZD1	WNT16
FZD1	WNT3
FZD1	FZD10
FZD1	WNT6
FZD1	FZD3
FZD1	WNT10A
FZD1	LRP6
FZD1	WNT5A
FZD1	LEF1
FZD1	WNT2
FZD1	TCF7L1
FZD1	WNT3A
FZD1	WNT7A
FZD1	FZD7
FZD1	TCF7L2
FZD1	MYC
FZD1	TCF7
FZD1	FZD6
FZD1	FZD5
FZD1	FZD2
FZD1	FZD8
FZD1	SFRP4
FZD1	GSK3B
FZD1	WNT5B
FZD1	WNT2B
FZD1	WNT4
FZD1	WNT10B
FZD1	WNT7B
FZD1	WNT11
FZD1	WNT1
FZD1	LRP5
FZD10	WNT16
FZD10	WNT3
FZD10	LEF1
FZD10	SFRP4
FZD10	WNT5B
FZD10	WNT6
FZD10	WNT4
FZD10	WNT5A
FZD10	WNT10B
FZD10	WNT10A
FZD10	WNT2
FZD10	WNT3A
FZD10	WNT2B
FZD10	LRP6
FZD10	LRP5
FZD10	WNT11
FZD10	WNT7B
FZD10	WNT7A
FZD10	WNT1
FZD2	WNT16
FZD2	WNT3
FZD2	WNT6
FZD2	FZD3
FZD2	WNT10A
FZD2	LRP6
FZD2	WNT5A
FZD2	LEF1
FZD2	WNT2
FZD2	WNT3A
FZD2	WNT7A
FZD2	FZD7
FZD2	WNT4
FZD2	WNT1
FZD2	LRP5
FZD2	WNT10B
FZD2	FZD6
FZD2	FZD8
FZD2	FZD5
FZD2	SFRP4
FZD2	GSK3B
FZD2	WNT2B
FZD2	WNT7B
FZD2	WNT5B
FZD2	WNT11
FZD3	WNT16
FZD3	WNT3
FZD3	WNT6
FZD3	GSK3B
FZD3	LEF1
FZD3	FZD7
FZD3	FZD8
FZD3	FZD5
FZD3	SFRP4
FZD3	FZD6
FZD3	WNT10B
FZD3	WNT10A
FZD3	LRP6
FZD3	WNT2
FZD3	WNT2B
FZD3	LRP5
FZD3	WNT7A
FZD3	WNT7B
FZD3	WNT3A
FZD3	WNT1
FZD3	WNT5B
FZD3	WNT4
FZD3	WNT11
FZD3	WNT5A
FZD5	WNT16
FZD5	WNT3
FZD5	WNT6
FZD5	WNT10A
FZD5	LRP6
FZD5	WNT5A
FZD5	LEF1
FZD5	WNT2
FZD5	TCF7L1
FZD5	WNT3A
FZD5	WNT7A
FZD5	FZD7
FZD5	WNT4
FZD5	WNT1
FZD5	LRP5
FZD5	WNT10B
FZD5	GSK3B
FZD5	WNT11
FZD5	WNT7B
FZD5	FZD9
FZD5	FZD6
FZD5	FZD8
FZD5	SFRP4
FZD5	WNT2B
FZD5	WNT5B
FZD6	WNT16
FZD6	WNT3
FZD6	WNT6
FZD6	WNT10A
FZD6	LRP6
FZD6	WNT5A
FZD6	LEF1
FZD6	WNT2
FZD6	WNT3A
FZD6	WNT7A
FZD6	FZD7
FZD6	WNT4
FZD6	WNT1
FZD6	LRP5
FZD6	WNT10B
FZD6	GSK3B
FZD6	WNT11
FZD6	WNT7B
FZD6	FZD9
FZD6	FZD8
FZD6	SFRP4
FZD6	WNT2B
FZD6	WNT5B
FZD7	WNT16
FZD7	WNT3
FZD7	WNT6
FZD7	WNT10A
FZD7	LRP6
FZD7	WNT5A
FZD7	LEF1
FZD7	WNT2
FZD7	TCF7L1
FZD7	WNT3A
FZD7	WNT7A
FZD7	TCF7
FZD7	MYC
FZD7	GSK3B
FZD7	FZD8
FZD7	JUN
FZD7	SFRP4
FZD7	WNT2B
FZD7	WNT4
FZD7	LRP5
FZD7	WNT10B
FZD7	WNT5B
FZD7	WNT7B
FZD7	WNT1
FZD7	WNT11
FZD8	WNT16
FZD8	WNT3
FZD8	WNT6
FZD8	WNT10A
FZD8	LRP6
FZD8	WNT5A
FZD8	LEF1
FZD8	WNT2
FZD8	TCF7L1
FZD8	WNT3A
FZD8	WNT7A
FZD8	WNT4
FZD8	WNT1
FZD8	LRP5
FZD8	WNT10B
FZD8	GSK3B
FZD8	WNT11
FZD8	TCF7
FZD8	WNT7B
FZD8	WNT2B
FZD8	TCF7L2
FZD8	SFRP4
FZD8	WNT5B
FZD9	WNT16
FZD9	WNT3
FZD9	WNT6
FZD9	WNT10A
FZD9	LRP6
FZD9	WNT5A
FZD9	LEF1
FZD9	WNT2
FZD9	TCF7L1
FZD9	WNT3A
FZD9	WNT7A
FZD9	WNT4
FZD9	WNT1
FZD9	LRP5
FZD9	WNT10B
FZD9	GSK3B
FZD9	WNT11
FZD9	WNT7B
FZD9	SFRP4
FZD9	WNT2B
FZD9	WNT5B
GADD45A	GADD45B
GADD45A	MAPK1
GADD45A	SKP1
GADD45A	GADD45G
GADD45A	TP53
GADD45A	MTOR
GADD45A	PARP1
GADD45A	PTEN
GADD45A	MYC
GADD45A	JUN
GADD45B	MYC
GADD45B	JUN
GADD45B	GADD45G
GADD45B	TP53
GADD45G	PGR
GADD45G	JUN
GADD45G	TP53
GRB2	MAPK1
GRB2	SOS2
GRB2	PIK3R2
GRB2	RPS6KB1
GRB2	KRAS
GRB2	PIK3R3
GRB2	MAP2K2
GRB2	MAPK3
GRB2	PIK3CA
GRB2	SHC2
GRB2	RB1
GRB2	TP53
GRB2	KIT
GRB2	MAP2K1
GRB2	RPS6KB2
GRB2	GSK3B
GRB2	SHC4
GRB2	MTOR
GRB2	NRAS
GRB2	JUN
GRB2	PTEN
GRB2	SHC3
GRB2	PIK3CD
GRB2	TNFSF11
GRB2	MYC
GRB2	IGF1
GRB2	RAF1
GRB2	HRAS
GRB2	IGF1R
GRB2	PIK3R1
GRB2	SOS1
GRB2	SHC1
GSK3B	MAPK1
GSK3B	SOS2
GSK3B	WNT16
GSK3B	WNT3
GSK3B	RPS6KB1
GSK3B	SKP1
GSK3B	WNT6
GSK3B	KRAS
GSK3B	NOTCH2
GSK3B	WNT10A
GSK3B	LRP6
GSK3B	MAP2K2
GSK3B	NOTCH3
GSK3B	PIK3CA
GSK3B	WNT5A
GSK3B	LEF1
GSK3B	WNT2
GSK3B	TP53
GSK3B	WNT3A
GSK3B	WNT7A
GSK3B	WNT4
GSK3B	WNT1
GSK3B	LRP5
GSK3B	WNT10B
GSK3B	MAP2K1
GSK3B	PIK3CD
GSK3B	TNFSF11
GSK3B	HRAS
GSK3B	SHC1
GSK3B	NRAS
GSK3B	WNT5B
GSK3B	SOS1
GSK3B	PIK3R1
GSK3B	WNT2B
GSK3B	NCOA3
GSK3B	WNT7B
GSK3B	WNT11
GSK3B	TCF7L2
GSK3B	SP1
GSK3B	PARP1
GSK3B	IGF1R
GSK3B	IGF1
GSK3B	TCF7
GSK3B	MTOR
GSK3B	NOTCH1
GSK3B	PTEN
GSK3B	JUN
GSK3B	RAF1
GSK3B	MYC
HES1	MYC
HES1	PARP1
HES1	HEYL
HES1	JAG2
HES1	NOTCH4
HES1	HEY2
HES1	NOTCH3
HES1	NOTCH2
HES1	NOTCH1
HES1	HEY1
HES1	HES5
HES5	NOTCH2
HES5	NOTCH3
HES5	JAG2
HES5	NOTCH4
HES5	NOTCH1
HEY1	SKP1
HEY1	NOTCH2
HEY1	NOTCH3
HEY1	LEF1
HEY1	TP53
HEY1	JAG2
HEY1	MYC
HEY1	NOTCH4
HEY1	HEYL
HEY1	NOTCH1
HEY1	HEY2
HEY2	WNT3
HEY2	NOTCH2
HEY2	NOTCH3
HEY2	JAG2
HEY2	IGF1R
HEY2	NOTCH4
HEY2	HEYL
HEY2	NOTCH1
HEYL	NOTCH2
HEYL	NOTCH3
HEYL	JAG2
HEYL	NOTCH4
HEYL	NOTCH1
HRAS	MAPK1
HRAS	SOS2
HRAS	PIK3R2
HRAS	RPS6KB1
HRAS	KRAS
HRAS	PIK3R3
HRAS	MAP2K2
HRAS	MAPK3
HRAS	PIK3CA
HRAS	SHC2
HRAS	TP53
HRAS	KIT
HRAS	MAP2K1
HRAS	MTOR
HRAS	PARP1
HRAS	NRAS
HRAS	JUN
HRAS	PTEN
HRAS	SHC3
HRAS	PIK3CD
HRAS	SOS1
HRAS	SHC1
HRAS	RAF1
HRAS	NOTCH1
HRAS	MYC
HRAS	IGF1R
HRAS	PIK3R1
IGF1	MAPK1
IGF1	RPS6KB1
IGF1	KRAS
IGF1	NOTCH2
IGF1	MAPK3
IGF1	PIK3CA
IGF1	WNT5A
IGF1	WNT2
IGF1	TP53
IGF1	WNT3A
IGF1	KIT
IGF1	WNT1
IGF1	LRP5
IGF1	MAP2K1
IGF1	RPS6KB2
IGF1	PGR
IGF1	MTOR
IGF1	PARP1
IGF1	JUN
IGF1	PTEN
IGF1	SFRP4
IGF1	NOTCH1
IGF1	PIK3R1
IGF1	SOS1
IGF1	MYC
IGF1	TNFSF11
IGF1	SHC1
IGF1	IGF1R
IGF1R	SOS2
IGF1R	PIK3R2
IGF1R	RPS6KB1
IGF1R	KRAS
IGF1R	NOTCH2
IGF1R	PIK3R3
IGF1R	MAP2K2
IGF1R	NOTCH3
IGF1R	PIK3CA
IGF1R	SHC2
IGF1R	LEF1
IGF1R	TP53
IGF1R	KIT
IGF1R	MAP2K1
IGF1R	PGR
IGF1R	SP1
IGF1R	SHC4
IGF1R	MTOR
IGF1R	PARP1
IGF1R	NRAS
IGF1R	JUN
IGF1R	PTEN
IGF1R	SHC3
IGF1R	PIK3CD
IGF1R	TNFSF11
IGF1R	SOS1
IGF1R	NCOA1
IGF1R	SHC1
IGF1R	PIK3R1
IGF1R	MYC
IGF1R	NOTCH1
JAG2	NOTCH2
JAG2	NOTCH3
JAG2	LEF1
JAG2	TP53
JAG2	WNT11
JAG2	NCOA3
JAG2	MYC
JAG2	NOTCH1
JAG2	NOTCH4
JUN	MAPK1
JUN	SOS2
JUN	PIK3R2
JUN	RPS6KB1
JUN	SKP1
JUN	KRAS
JUN	LRP6
JUN	MAP2K2
JUN	MAPK3
JUN	NOTCH3
JUN	PIK3CA
JUN	WNT5A
JUN	LEF1
JUN	RB1
JUN	TP53
JUN	WNT3A
JUN	KIT
JUN	WNT1
JUN	LRP5
JUN	MAP2K1
JUN	RPS6KB2
JUN	PGR
JUN	WNT11
JUN	SP1
JUN	MTOR
JUN	PARP1
JUN	NRAS
JUN	NFKB2
JUN	SOS1
JUN	SHC1
JUN	NOTCH4
JUN	RAF1
JUN	NOTCH1
JUN	PIK3R1
JUN	TCF7L2
JUN	TNFSF11
JUN	PTEN
JUN	NCOA3
JUN	NCOA1
JUN	MYC
KIT	PIK3R2
KIT	RPS6KB1
KIT	KRAS
KIT	NOTCH2
KIT	PIK3R3
KIT	MAPK3
KIT	PIK3CA
KIT	SHC2
KIT	LEF1
KIT	TP53
KIT	NCOA1
KIT	PARP1
KIT	PGR
KIT	SOS1
KIT	MTOR
KIT	NOTCH1
KIT	MYC
KIT	PTEN
KIT	SHC4
KIT	SHC3
KIT	PIK3CD
KIT	SHC1
KIT	NRAS
KIT	PIK3R1
KRAS	MAPK1
KRAS	SOS2
KRAS	PIK3R2
KRAS	RPS6KB1
KRAS	SKP1
KRAS	WNT3A
KRAS	RAD51
KRAS	WNT5A
KRAS	TCF7L2
KRAS	RB1
KRAS	NOTCH3
KRAS	RPS6KB2
KRAS	SHC3
KRAS	NOTCH2
KRAS	SHC2
KRAS	PARP1
KRAS	PGR
KRAS	SHC1
KRAS	MTOR
KRAS	NOTCH1
KRAS	MYC
KRAS	PTEN
KRAS	NRAS
KRAS	TP53
KRAS	PIK3R3
KRAS	PIK3R1
KRAS	MAP2K2
KRAS	PIK3CD
KRAS	MAPK3
KRAS	MAP2K1
KRAS	PIK3CA
KRAS	SOS1
KRAS	RAF1
LEF1	WNT16
LEF1	WNT3
LEF1	SKP1
LEF1	WNT6
LEF1	WNT10A
LEF1	LRP6
LEF1	WNT5A
LEF1	NFKB2
LEF1	SP1
LEF1	PIK3R1
LEF1	SFRP4
LEF1	PTEN
LEF1	TNFSF11
LEF1	TP53
LEF1	WNT5B
LEF1	TCF7L1
LEF1	WNT2B
LEF1	WNT11
LEF1	WNT7B
LEF1	WNT7A
LEF1	WNT4
LEF1	WNT2
LEF1	WNT10B
LEF1	LRP5
LEF1	WNT1
LEF1	TCF7L2
LEF1	TCF7
LEF1	WNT3A
LEF1	MYC
LEF1	NOTCH1
LRP5	WNT16
LRP5	WNT3
LRP5	WNT6
LRP5	WNT10A
LRP5	LRP6
LRP5	WNT5A
LRP5	WNT2
LRP5	TCF7L1
LRP5	WNT3A
LRP5	WNT7A
LRP5	WNT4
LRP5	WNT1
LRP5	TCF7
LRP5	TCF7L2
LRP5	MYC
LRP5	SFRP4
LRP5	TNFSF11
LRP5	WNT5B
LRP5	WNT11
LRP5	WNT2B
LRP5	WNT7B
LRP5	WNT10B
LRP6	WNT16
LRP6	WNT3
LRP6	WNT6
LRP6	WNT10A
LRP6	TCF7
LRP6	TNFSF11
LRP6	TCF7L2
LRP6	MYC
LRP6	SFRP4
LRP6	WNT11
LRP6	WNT5B
LRP6	WNT4
LRP6	WNT2B
LRP6	WNT5A
LRP6	WNT7B
LRP6	WNT10B
LRP6	WNT2
LRP6	WNT7A
LRP6	WNT3A
LRP6	WNT1
MAP2K1	MAPK1
MAP2K1	SOS2
MAP2K1	MAP2K2
MAP2K1	MAPK3
MAP2K1	PIK3CA
MAP2K1	RB1
MAP2K1	TP53
MAP2K1	NCOA3
MAP2K1	SHC3
MAP2K1	PGR
MAP2K1	PIK3R1
MAP2K1	NOTCH1
MAP2K1	PARP1
MAP2K1	SHC1
MAP2K1	MTOR
MAP2K1	MYC
MAP2K1	PTEN
MAP2K1	SOS1
MAP2K1	NRAS
MAP2K1	RAF1
MAP2K2	MAPK1
MAP2K2	SOS2
MAP2K2	TP53
MAP2K2	SHC3
MAP2K2	PTEN
MAP2K2	PIK3CA
MAP2K2	SOS1
MAP2K2	NRAS
MAP2K2	MAPK3
MAP2K2	RAF1
MAPK1	TCF7L2
MAPK1	SOS2
MAPK1	NFKB2
MAPK1	NOTCH1
MAPK1	NCOA3
MAPK1	PARP1
MAPK1	PIK3R1
MAPK1	PGR
MAPK1	PTEN
MAPK1	MTOR
MAPK1	SKP1
MAPK1	SOS1
MAPK1	PIK3CA
MAPK1	RPS6KB2
MAPK1	RPS6KB1
MAPK1	NRAS
MAPK1	SHC1
MAPK1	SP1
MAPK1	RAF1
MAPK1	MYC
MAPK1	MAPK3
MAPK1	TP53
MAPK3	SOS2
MAPK3	PIK3R2
MAPK3	WNT3
MAPK3	RPS6KB1
MAPK3	WNT3A
MAPK3	WNT5A
MAPK3	PIK3R1
MAPK3	RB1
MAPK3	TNFSF11
MAPK3	PIK3CA
MAPK3	PGR
MAPK3	NOTCH1
MAPK3	PTEN
MAPK3	PARP1
MAPK3	MTOR
MAPK3	SHC1
MAPK3	SOS1
MAPK3	RPS6KB2
MAPK3	RAF1
MAPK3	NRAS
MAPK3	SP1
MAPK3	MYC
MAPK3	TP53
MRE11	POLK
MRE11	NBN
MRE11	TP53
MRE11	PTEN
MRE11	PARP1
MRE11	RAD51
MRE11	RAD50
MTOR	SOS2
MTOR	PIK3R2
MTOR	RPS6KB1
MTOR	PIK3R3
MTOR	PIK3CA
MTOR	NBN
MTOR	TP53
MTOR	RPS6KB2
MTOR	PGR
MTOR	SP1
MTOR	SHC1
MTOR	SOS1
MTOR	RAF1
MTOR	NOTCH1
MTOR	PARP1
MTOR	NRAS
MTOR	MYC
MTOR	PTEN
MTOR	PIK3CD
MTOR	PIK3R1
MYC	WNT3
MYC	RPS6KB1
MYC	SKP1
MYC	NOTCH2
MYC	NOTCH3
MYC	PIK3CA
MYC	WNT5A
MYC	RB1
MYC	TP53
MYC	TCF7L1
MYC	WNT3A
MYC	WNT4
MYC	WNT1
MYC	RPS6KB2
MYC	PGR
MYC	SP1
MYC	TCF7
MYC	PARP1
MYC	NRAS
MYC	NFKB2
MYC	PTEN
MYC	NCOA3
MYC	NOTCH4
MYC	TNFSF11
MYC	NCOA1
MYC	SHC1
MYC	RAF1
MYC	PIK3R1
MYC	RAD51
MYC	TCF7L2
MYC	NOTCH1
NBN	POLK
NBN	TP53
NBN	PARP1
NBN	RAD51
NBN	RAD50
NCOA1	TP53
NCOA1	PGR
NCOA1	SP1
NCOA1	NCOA3
NCOA3	RPS6KB1
NCOA3	TP53
NCOA3	RPS6KB2
NCOA3	PGR
NCOA3	SP1
NCOA3	PTEN
NCOA3	NOTCH4
NCOA3	NOTCH1
NFKB2	SKP1
NFKB2	TP53
NFKB2	SP1
NFKB2	PARP1
NFKB2	TNFSF11
NFKB2	NOTCH1
NOTCH1	WNT3
NOTCH1	SKP1
NOTCH1	NOTCH2
NOTCH1	NOTCH3
NOTCH1	PIK3CA
NOTCH1	WNT5A
NOTCH1	WNT2
NOTCH1	TP53
NOTCH1	WNT3A
NOTCH1	WNT4
NOTCH1	WNT1
NOTCH1	TCF7
NOTCH1	PARP1
NOTCH1	NRAS
NOTCH1	WNT2B
NOTCH1	PTEN
NOTCH1	NOTCH4
NOTCH1	PIK3R1
NOTCH2	WNT1
NOTCH2	WNT4
NOTCH2	WNT5A
NOTCH2	TCF7L2
NOTCH2	PIK3CA
NOTCH2	NRAS
NOTCH2	WNT7B
NOTCH2	PTEN
NOTCH2	TP53
NOTCH2	NOTCH3
NOTCH2	NOTCH4
NOTCH3	WNT5A
NOTCH3	WNT2
NOTCH3	PIK3CA
NOTCH3	PTEN
NOTCH3	WNT4
NOTCH3	WNT1
NOTCH3	TP53
NOTCH3	NOTCH4
NOTCH4	SKP1
NOTCH4	TP53
NOTCH4	PGR
NRAS	SOS2
NRAS	PIK3R2
NRAS	RPS6KB1
NRAS	PIK3R3
NRAS	PIK3CA
NRAS	SHC2
NRAS	TP53
NRAS	SHC4
NRAS	PARP1
NRAS	SHC3
NRAS	SHC1
NRAS	PTEN
NRAS	PIK3CD
NRAS	PIK3R1
NRAS	SOS1
NRAS	RAF1
PARP1	RPS6KB1
PARP1	PIK3CA
PARP1	RB1
PARP1	TP53
PARP1	RPS6KB2
PARP1	PGR
PARP1	SP1
PARP1	RAF1
PARP1	TCF7L2
PARP1	RAD50
PARP1	PTEN
PARP1	RAD51
PGR	PIK3R2
PGR	RPS6KB1
PGR	PIK3R3
PGR	PIK3CA
PGR	RB1
PGR	TP53
PGR	WNT4
PGR	TNFSF11
PGR	SP1
PGR	PTEN
PGR	PIK3CD
PGR	PIK3R1
PIK3CA	SOS2
PIK3CA	PIK3R2
PIK3CA	RPS6KB1
PIK3CA	PIK3R3
PIK3CA	RB1
PIK3CA	RPS6KB2
PIK3CA	SHC1
PIK3CA	SOS1
PIK3CA	TP53
PIK3CA	RAF1
PIK3CA	PTEN
PIK3CA	PIK3CD
PIK3CA	PIK3R1
PIK3CD	PIK3R2
PIK3CD	RPS6KB1
PIK3CD	PIK3R3
PIK3CD	TP53
PIK3CD	RPS6KB2
PIK3CD	PTEN
PIK3CD	SHC1
PIK3CD	SOS1
PIK3CD	RAF1
PIK3CD	PIK3R1
PIK3R1	SOS2
PIK3R1	PIK3R2
PIK3R1	RPS6KB1
PIK3R1	PIK3R3
PIK3R1	TP53
PIK3R1	PTEN
PIK3R1	SHC3
PIK3R1	SOS1
PIK3R1	SHC1
PIK3R1	RAF1
PIK3R2	RPS6KB1
PIK3R2	SOS1
PIK3R2	SHC1
PIK3R2	RAF1
PIK3R2	PTEN
PIK3R2	PIK3R3
PIK3R3	TP53
PIK3R3	SHC1
PIK3R3	RAF1
PIK3R3	PTEN
POLK	RAD50
POLK	RAD51
POLK	TP53
PTEN	SOS2
PTEN	RPS6KB1
PTEN	SKP1
PTEN	WNT5A
PTEN	WNT2
PTEN	RB1
PTEN	TP53
PTEN	TCF7L1
PTEN	WNT3A
PTEN	WNT4
PTEN	WNT1
PTEN	RPS6KB2
PTEN	SP1
PTEN	TCF7
PTEN	SOS1
PTEN	SHC1
PTEN	TCF7L2
PTEN	RAF1
PTEN	RAD51
RAD50	TP53
RAD50	RAD51
RAD51	RB1
RAD51	TP53
RAF1	SOS2
RAF1	RB1
RAF1	TP53
RAF1	SOS1
RAF1	SHC1
RB1	SHC1
RB1	SP1
RB1	TP53
RPS6KB1	SOS1
RPS6KB1	SHC1
RPS6KB1	TP53
RPS6KB1	RPS6KB2
RPS6KB1	SP1
RPS6KB2	TP53
RPS6KB2	SP1
SFRP4	WNT16
SFRP4	WNT3
SFRP4	WNT6
SFRP4	WNT10A
SFRP4	WNT5A
SFRP4	WNT2
SFRP4	WNT3A
SFRP4	WNT7A
SFRP4	WNT4
SFRP4	WNT1
SFRP4	WNT10B
SFRP4	WNT11
SFRP4	WNT7B
SFRP4	WNT2B
SFRP4	WNT5B
SHC1	SOS2
SHC1	SHC2
SHC1	TP53
SHC1	SHC3
SHC1	TNFSF11
SHC1	SOS1
SHC2	SOS2
SHC2	SHC3
SHC2	SOS1
SHC3	SOS2
SHC3	SHC4
SHC3	SOS1
SHC4	SOS2
SHC4	SOS1
SKP1	TP53
SOS1	SOS2
SOS1	TP53
SP1	TP53
TCF7	WNT16
TCF7	WNT3
TCF7	WNT6
TCF7	WNT10A
TCF7	WNT5A
TCF7	WNT2
TCF7	TP53
TCF7	TCF7L1
TCF7	WNT3A
TCF7	WNT7A
TCF7	WNT4
TCF7	WNT1
TCF7	WNT10B
TCF7	WNT11
TCF7	WNT7B
TCF7	WNT2B
TCF7	TCF7L2
TCF7L1	WNT3
TCF7L1	WNT6
TCF7L1	WNT5A
TCF7L1	TP53
TCF7L1	WNT1
TCF7L1	WNT7B
TCF7L1	WNT3A
TCF7L1	TCF7L2
TCF7L2	WNT3
TCF7L2	WNT5A
TCF7L2	WNT2
TCF7L2	TP53
TCF7L2	WNT3A
TCF7L2	WNT7A
TCF7L2	WNT4
TCF7L2	WNT1
TCF7L2	WNT10B
TCF7L2	WNT11
TCF7L2	WNT7B
TCF7L2	WNT2B
TCF7L2	WNT5B
TNFSF11	WNT16
TNFSF11	WNT5A
TNFSF11	TP53
TNFSF11	WNT3A
TNFSF11	WNT4
TNFSF11	WNT1
TNFSF11	WNT10B
TP53	WNT5A
TP53	WNT2
TP53	WNT3A
TP53	WNT4
TP53	WNT1
WNT1	WNT16
WNT1	WNT3
WNT1	WNT6
WNT1	WNT10A
WNT1	WNT5A
WNT1	WNT2
WNT1	WNT3A
WNT1	WNT7A
WNT1	WNT4
WNT1	WNT5B
WNT1	WNT11
WNT1	WNT7B
WNT1	WNT2B
WNT1	WNT10B
WNT10A	WNT16
WNT10A	WNT3
WNT10A	WNT6
WNT10A	WNT10B
WNT10A	WNT2
WNT10A	WNT5B
WNT10A	WNT2B
WNT10A	WNT7B
WNT10A	WNT3A
WNT10A	WNT5A
WNT10A	WNT7A
WNT10A	WNT11
WNT10A	WNT4
WNT10B	WNT16
WNT10B	WNT3
WNT10B	WNT6
WNT10B	WNT5A
WNT10B	WNT2
WNT10B	WNT3A
WNT10B	WNT7A
WNT10B	WNT4
WNT10B	WNT11
WNT10B	WNT5B
WNT10B	WNT2B
WNT10B	WNT7B
WNT11	WNT16
WNT11	WNT3
WNT11	WNT6
WNT11	WNT5A
WNT11	WNT2
WNT11	WNT3A
WNT11	WNT7A
WNT11	WNT4
WNT11	WNT5B
WNT11	WNT7B
WNT11	WNT2B
WNT16	WNT2B
WNT16	WNT6
WNT16	WNT3
WNT16	WNT7B
WNT16	WNT5B
WNT16	WNT4
WNT16	WNT2
WNT16	WNT5A
WNT16	WNT7A
WNT16	WNT3A
WNT2	WNT3
WNT2	WNT6
WNT2	WNT5A
WNT2	WNT7B
WNT2	WNT7A
WNT2	WNT4
WNT2	WNT2B
WNT2	WNT5B
WNT2	WNT3A
WNT2B	WNT3
WNT2B	WNT6
WNT2B	WNT5A
WNT2B	WNT3A
WNT2B	WNT7A
WNT2B	WNT4
WNT2B	WNT7B
WNT2B	WNT5B
WNT3	WNT5A
WNT3	WNT5B
WNT3	WNT7A
WNT3	WNT7B
WNT3	WNT6
WNT3	WNT4
WNT3	WNT3A
WNT3A	WNT6
WNT3A	WNT5A
WNT3A	WNT7A
WNT3A	WNT5B
WNT3A	WNT7B
WNT3A	WNT4
WNT4	WNT6
WNT4	WNT5A
WNT4	WNT7A
WNT4	WNT5B
WNT4	WNT7B
WNT5A	WNT6
WNT5A	WNT7B
WNT5A	WNT7A
WNT5A	WNT5B
WNT5B	WNT6
WNT5B	WNT7A
WNT5B	WNT7B
WNT6	WNT7A
WNT6	WNT7B
WNT7A	WNT7B